{
  "data": [
    {
      "id": 1,
      "patientId": 1,
      "patientName": "Иванов Иван Иванович",
      "description": "На выбранном месте инъекции дважды обработать кожу пациента с помощью салфеток со спиртсодержащим антисептиком. Первая обработка — площадь около 10*10 см протирается салфеткой в одном и том же направлении. Затем вторая обработка — второй салфеткой так же площадь 5*5 см.На выбранном месте инъекции дважды обработать кожу пациента с помощью салфеток со спиртсодержащим антисептиком. Первая обработка — площадь около 10*10 см протирается салфеткой в одном и том же направлении. Затем вторая обработка — второй салфеткой так же площадь 5*5 см.",
      "creatorId": 2,
      "creatorName": "Петров Петр Петрович",
      "executorId": 3,
      "executorName": "Сидоров Сидор Сидорович",
      "createDate": "02.06.2021 18:00",
      "planeExecuteDate": "03.06.2021 15:00",
      "factExecuteDate": "",
      "comment": "03.06.2021 11:30 В это время пациент будет на физиотерапии",
      "status": "Активная",
      "deleted": false
    }
  ]
}